ID,MaternalID,Maternal.Mass,Treatment,Egg_Number,Ovi_Date,Status,Status2,Day,Week ,Egg_Mass,Classification,Survival,Hatch Date,Tail,Sex (L),Sex ,Incubation,SVL,Mass,Relative.Egg,Relative.Mass,Relative.SVL
0001/3-101,F0001/3,2.4,Autotomy,101,8/20/2018,High,Investment,13,0,0.173,Pre,1,9/28/2018,30.9,M,1,39,18.2,0.148,0.072083333,0.061666667,7.583333333
0001/3-112,F0001/3,2.4,Autotomy,112,8/22/2018,High,Investment,15,2,0.165,Post,1,10/5/2018,32.1,M,1,44,18,0.169,0.06875,0.070416667,7.5
0001/3-143,F0001/3,2.4,Autotomy,143,9/3/2018,High,Investment,27,2,0.215,Post,NA,NA,NA,NA,NA,NA,NA,NA,0.089583333,NA,NA
0001/3-156,F0001/3,1.9,Autotomy,156,9/10/2018,Low,Recovery,34,4,0.167,Post,0,NA,NA,NA,NA,NA,NA,NA,0.087894737,NA,NA
0001/3-64,F0001/3,2.4,Autotomy,64,8/8/2018,,,1,0,0.168,Pre,NA,NA,NA,NA,NA,NA,NA,NA,0.07,NA,NA
0001/3-79,F0001/3,2.4,Autotomy,79,8/13/2018,,,6,0,0.179,Pre,1,9/21/2018,25.1,F,0,39,14.6,0.083,0.074583333,0.034583333,6.083333333
0002-99,F0002,2.2,Autotomy,99,8/20/2018,High,Investment,13,0,0.14,Pre,1,9/30/2018,29.5,M,1,41,17.8,0.145,0.063636364,0.065909091,8.090909091
0002-124,F0002,2.2,Autotomy,124,8/27/2018,High,Investment,20,2,0.129,Post,NA,NA,NA,NA,NA,NA,NA,NA,0.058636364,NA,NA
0002-199,F0002,1.9,Autotomy,199,9/28/2018,Low,Recovery,50,6,0.15,Post,0,NA,NA,NA,NA,NA,NA,NA,0.078947368,NA,NA
0002-76,F0002,2.2,Autotomy,76,8/13/2018,,,6,0,0.124,Pre,1,9/27/2018,29.6,M,1,45,17.3,0.153,0.056363636,0.069545455,7.863636364
0020-98,F0020,2,Autotomy,98,8/20/2018,High,Investment,13,0,0.127,Pre,0,NA,NA,NA,NA,NA,NA,NA,0.0635,NA,NA
0020-117,F0020,2,Autotomy,117,8/24/2018,High,Investment,17,2,0.155,Post,NA,NA,NA,NA,NA,NA,NA,NA,0.0775,NA,NA
0020-138,F0020,2,Autotomy,138,8/31/2018,High,Investment,24,2,0.187,Post,1,10/11/2018,27.8,M,1,41,18.1,0.158,0.0935,0.079,9.05
0020-148,F0020,1.9,Autotomy,148,9/5/2018,Low,Recovery,29,4,0.172,Post,0,NA,NA,NA,NA,NA,NA,NA,0.090526316,NA,NA
0020-160,F0020,1.9,Autotomy,160,9/12/2018,Low,Recovery,36,4,0.198,Post,0,NA,NA,NA,NA,NA,NA,NA,0.104210526,NA,NA
0020-181,F0020,1.9,Autotomy,181,9/17/2018,Low,Recovery,41,4,0.185,Post,1,10/29/2018,33.52,M,1,42,17.5,0.189,0.097368421,0.099473684,9.210526316
0020-72,F0020,2,Autotomy,72,8/13/2018,,,6,0,0.178,Pre,1,9/23/2018,31.1,F,0,41,18,0.151,0.089,0.0755,9
0221/3-85,F0221/3,1.9,Autotomy,85,8/15/2018,High,Investment,8,0,0.18,Pre,1,9/29/2018,31.8,F,0,45,18.5,0.176,0.094736842,0.092631579,9.736842105
0221/3-97,F0221/3,1.9,Autotomy,97,8/20/2018,High,Investment,13,0,0.167,Pre,0,NA,NA,NA,NA,NA,NA,NA,0.087894737,NA,NA
0221/3-169,F0221/3,1.9,Autotomy,169,9/14/2018,Low,Recovery,38,4,0.183,Post,NA,NA,NA,NA,NA,NA,NA,NA,0.096315789,NA,NA
0221/3-196,F0221/3,1.9,Autotomy,196,9/26/2018,Low,Recovery,48,6,0.163,Post,0,NA,NA,NA,NA,NA,NA,NA,0.085789474,NA,NA
0300-93,F0300,2,Autotomy,93,8/20/2018,High,Investment,13,0,0.171,Pre,1,9/30/2018,31.1,F,0,41,17.9,0.158,0.0855,0.079,8.95
0300-121,F0300,2,Autotomy,121,8/27/2018,High,Investment,20,2,0.148,Post,NA,NA,NA,NA,NA,NA,NA,NA,0.074,NA,NA
0300-154,F0300,1.9,Autotomy,154,9/10/2018,Low,Recovery,34,4,0.166,Post,0,NA,NA,NA,NA,NA,NA,NA,0.087368421,NA,NA
0300-176,F0300,1.9,Autotomy,176,9/17/2018,Low,Recovery,41,4,0.159,Post,1,11/2/2018,26.13,F,0,46,18.01,0.16,0.083684211,0.084210526,9.478947368
0300-197,F0300,1.9,Autotomy,197,9/28/2018,Low,Recovery,50,6,0.15,Post,1,11/7/2018,31.32,M,1,40,18.04,0.162,0.078947368,0.085263158,9.494736842
0300-214,F0300,1.8,Autotomy,214,10/5/2018,Low,Recovery,57,8,0.124,Post,0,NA,NA,NA,NA,NA,NA,NA,0.068888889,NA,NA
0300-228,F0300,1.8,Autotomy,228,10/14/2018,Low,Recovery,66,8,0.134,Post,1,11/16/2018,28.78,F,0,33,18.09,0.144,0.074444444,0.08,10.05
0300-66,F0300,2,Autotomy,66,8/10/2018,,,3,0,0.167,Pre,1,9/21/2018,28.3,M,1,42,18.1,0.142,0.0835,0.071,9.05
0502-91,F0502,2.1,Autotomy,91,8/20/2018,High,Investment,13,0,0.138,Pre,1,9/30/2018,27.4,M,1,41,17.3,0.154,0.065714286,0.073333333,8.238095238
0502-116,F0502,2.1,Autotomy,116,8/24/2018,High,Investment,17,2,0.174,Post,NA,NA,NA,NA,NA,NA,NA,NA,0.082857143,NA,NA
0502-146,F0502,1.8,Autotomy,146,9/5/2018,Low,Recovery,29,4,0.146,Post,0,NA,NA,NA,NA,NA,NA,NA,0.081111111,NA,NA
0502-168,F0502,1.8,Autotomy,168,9/14/2018,Low,Recovery,38,4,0.121,Post,0,NA,NA,NA,NA,NA,NA,NA,0.067222222,NA,NA
0502-189,F0502,1.8,Autotomy,189,9/24/2018,Low,Recovery,46,6,0.16,Post,1,11/4/2018,28.22,F,0,41,18.42,0.192,0.088888889,0.106666667,10.23333333
0502-200,F0502,1.71,Autotomy,200,10/3/2018,Low,Recovery,55,8,0.166,Post,1,11/11/2018,30.63,F,0,39,18.45,0.154,0.097076023,0.09005848,10.78947368
0502-215,F0502,1.71,Autotomy,215,10/8/2018,Low,Recovery,60,8,0.144,Post,0,NA,NA,NA,NA,NA,NA,NA,0.084210526,NA,NA
0502-73,F0502,2.1,Autotomy,73,8/13/2018,,,6,0,0.192,Pre,1,9/21/2018,30.6,F,0,39,18.1,0.155,0.091428571,0.073809524,8.619047619
1/2/5105-94,F1/2/5105,2.2,Autotomy,94,8/20/2018,High,Investment,13,0,0.17,Pre,1,9/29/2018,29.3,F,0,40,17.4,0.177,0.077272727,0.080454545,7.909090909
1/2/5105-122,F1/2/5105,2.2,Autotomy,122,8/27/2018,High,Investment,20,2,0.198,Post,NA,NA,NA,NA,NA,NA,NA,NA,0.09,NA,NA
1/2/5105-191,F1/2/5105,2,Autotomy,191,9/24/2018,Low,Recovery,46,6,0.174,Post,1,11/4/2018,31.15,F,0,41,18.8,0.167,0.087,0.0835,9.4
1/2/5105-217,F1/2/5105,2.2,Autotomy,217,10/8/2018,Low,Recovery,60,8,0.191,Post,0,NA,NA,NA,NA,NA,NA,NA,0.086818182,NA,NA
1/2/5105-75,F1/2/5105,2.2,Autotomy,75,8/13/2018,,,6,0,0.228,Pre,1,9/25/2018,26.9,F,0,43,18,0.174,0.103636364,0.079090909,8.181818182
1/201/21/2/3-147,F1/201/21/2/3,1.9,Autotomy,147,9/5/2018,Low,Recovery,29,4,0.156,Post,NA,NA,NA,NA,NA,NA,NA,NA,0.082105263,NA,NA
1/201/21/2/3-209,F1/201/21/2/3,1.8,Autotomy,209,10/3/2018,Low,Recovery,55,8,0.206,Post,1,11/11/2018,29.81,M,1,39,19.29,0.201,0.114444444,0.111666667,10.71666667
1000-87,F1000,2,Autotomy,87,8/17/2018,High,Investment,10,0,0.155,Pre,1,10/2/2018,31.9,M,1,46,18.4,0.159,0.0775,0.0795,9.2
1000-104,F1000,2,Autotomy,104,8/22/2018,High,Investment,15,2,0.158,Post,1,10/8/2018,29,M,1,47,16.6,0.132,0.079,0.066,8.3
1000-152,F1000,2,Autotomy,152,9/10/2018,Low,Recovery,34,4,0.189,Post,NA,NA,NA,NA,NA,NA,NA,NA,0.0945,NA,NA
1000-62,F1000,2,Autotomy,62,8/8/2018,,,1,0,0.163,Pre,NA,NA,NA,NA,NA,NA,NA,NA,0.0815,NA,NA
1151/3-84,F1151/3,2.2,Autotomy,84,8/15/2018,High,Investment,8,0,0.144,Pre,1,9/26/2018,27.6,F,0,42,16.7,0.106,0.065454545,0.048181818,7.590909091
1151/3-109,F1151/3,2.2,Autotomy,109,8/22/2018,High,Investment,15,2,0.187,Post,1,9/18/2018,28.6,F,0,NA,17.2,0.117,0.085,0.053181818,7.818181818
1151/3-115,F1151/3,2.2,Autotomy,115,8/22/2018,High,Investment,15,2,0.153,Post,1,10/1/2018,29.3,F,0,40,17.3,0.133,0.069545455,0.060454545,7.863636364
1151/3-128,F1151/3,2.2,Autotomy,128,8/27/2018,High,Investment,20,2,0.199,Post,NA,NA,NA,NA,NA,NA,NA,NA,0.090454545,NA,NA
1151/3-172,F1151/3,1.9,Autotomy,172,9/14/2018,Low,Recovery,38,4,0.184,Post,0,NA,NA,NA,NA,NA,NA,NA,0.096842105,NA,NA
2/5131-83,F2/5131,2.5,Autotomy,83,8/15/2018,High,Investment,8,0,0.172,Pre,1,9/23/2018,26,M,1,39,17.6,0.129,0.0688,0.0516,7.04
2/5131-130,F2/5131,2.5,Autotomy,130,8/29/2018,High,Investment,22,2,0.142,Post,NA,NA,NA,NA,NA,NA,NA,NA,0.0568,NA,NA
2/5131-158,F2/5131,2.3,Autotomy,158,9/12/2018,Low,Recovery,36,4,0.168,Post,0,NA,NA,NA,NA,NA,NA,NA,0.073043478,NA,NA
2/5131-190,F2/5131,2.3,Autotomy,190,9/24/2018,Low,Recovery,46,6,0.161,Post,1,11/2/2018,24.48,M,1,39,18.28,0.163,0.07,0.070869565,7.947826087
2/5131-203,F2/5131,2.6,Autotomy,203,10/3/2018,Low,Recovery,55,8,0.127,Post,0,NA,NA,NA,NA,NA,NA,NA,0.048846154,NA,NA
3030-114,F3030,1.9,Autotomy,114,8/22/2018,High,Investment,15,2,0.143,Post,0,NA,NA,NA,NA,NA,NA,NA,0.075263158,NA,NA
3030-133,F3030,1.9,Autotomy,133,8/29/2018,High,Investment,22,2,0.143,Post,NA,NA,NA,NA,NA,NA,NA,NA,0.075263158,NA,NA
3030-134,F3030,1.9,Autotomy,134,8/29/2018,High,Investment,22,2,0.135,Post,1,10/11/2018,26.8,F,0,43,16.5,0.136,0.071052632,0.071578947,8.684210526
3030-188,F3030,1.9,Autotomy,188,9/21/2018,Low,Recovery,43,6,0.139,Post,1,10/31/2018,27.82,M,1,40,18.29,0.147,0.073157895,0.077368421,9.626315789
3030-213,F3030,1.8,Autotomy,213,10/3/2018,Low,Recovery,55,8,0.168,Post,1,11/11/2018,25.81,F,0,39,18.24,0.151,0.093333333,0.083888889,10.13333333
3030-226,F3030,1.8,Autotomy,226,10/10/2018,Low,Recovery,62,8,0.139,Post,0,NA,NA,NA,NA,NA,NA,NA,0.077222222,NA,NA
3131-100,F3131,2,Autotomy,100,8/20/2018,High,Investment,13,0,0.194,Pre,1,9/29/2018,32.7,M,1,40,19.5,0.174,0.097,0.087,9.75
3131-125,F3131,2,Autotomy,125,8/27/2018,High,Investment,20,2,0.179,Post,NA,NA,NA,NA,NA,NA,NA,NA,0.0895,NA,NA
3131-139,F3131,2,Autotomy,139,8/31/2018,High,Investment,24,2,0.197,Post,0,NA,NA,NA,NA,NA,NA,NA,0.0985,NA,NA
3131-162,F3131,1.7,Autotomy,162,9/12/2018,Low,Recovery,36,4,0.162,Post,0,NA,NA,NA,NA,NA,NA,NA,0.095294118,NA,NA
3131-194,F3131,1.7,Autotomy,194,9/24/2018,Low,Recovery,46,6,0.154,Post,1,11/5/2018,32.65,M,1,42,18.7,0.193,0.090588235,0.113529412,11
3131-210,F3131,1.8,Autotomy,210,10/3/2018,Low,Recovery,55,8,0.16,Post,1,11/13/2018,32.32,F,0,41,20.01,0.14,0.088888889,0.077777778,11.11666667
3131-224,F3131,1.8,Autotomy,224,10/10/2018,Low,Recovery,62,8,0.152,Post,0,NA,NA,NA,NA,NA,NA,NA,0.084444444,NA,NA
3131-78,F3131,2,Autotomy,78,8/13/2018,,,6,0,0.202,Pre,1,9/21/2018,31.4,F,0,39,19.7,0.174,0.101,0.087,9.85
3453-96,F3453,1.9,Autotomy,96,8/20/2018,High,Investment,13,0,0.146,Pre,1,10/5/2018,28.3,F,0,46,18.4,0.141,0.076842105,0.074210526,9.684210526
3453-150,F3453,2.5,Autotomy,150,9/10/2018,Low,Recovery,34,4,0.168,Post,NA,NA,NA,NA,NA,NA,NA,NA,0.0672,NA,NA
3453-178,F3453,2.5,Autotomy,178,9/17/2018,Low,Recovery,41,4,0.191,Post,1,10/29/2018,32.88,F,0,42,18.12,0.183,0.0764,0.0732,7.248
3453-192,F3453,2.5,Autotomy,192,9/24/2018,Low,Recovery,46,6,0.154,Post,1,11/6/2018,31.55,F,0,43,17.8,0.179,0.0616,0.0716,7.12
3453-206,F3453,1.83,Autotomy,206,10/3/2018,Low,Recovery,55,8,0.156,Post,1,11/14/2018,31.19,F,0,42,19.26,0.207,0.085245902,0.113114754,10.52459016
3453-80,F3453,1.9,Autotomy,80,8/13/2018,,,6,0,0.139,Pre,NA,NA,NA,NA,NA,NA,NA,NA,0.073157895,NA,NA
4100-86,F4100,2.1,Autotomy,86,8/15/2018,High,Investment,8,0,0.181,Pre,0,NA,NA,NA,NA,NA,NA,NA,0.086190476,NA,NA
4100-108,F4100,2.1,Autotomy,108,8/22/2018,High,Investment,15,2,0.168,Post,0,NA,NA,NA,NA,NA,NA,NA,0.08,NA,NA
4100-137,F4100,2.1,Autotomy,137,8/31/2018,High,Investment,24,2,0.193,Post,NA,NA,NA,NA,NA,NA,NA,NA,0.091904762,NA,NA
4100-155,F4100,2.1,Autotomy,155,9/10/2018,Low,Recovery,34,4,0.199,Post,0,NA,NA,NA,NA,NA,NA,NA,0.094761905,NA,NA
4100-180,F4100,2.1,Autotomy,180,9/17/2018,Low,Recovery,41,4,0.212,Post,1,10/29/2018,34.46,M,1,42,18.19,0.203,0.100952381,0.096666667,8.661904762
4100-71,F4100,2.1,Autotomy,71,8/10/2018,,,3,0,0.153,Pre,0,NA,NA,NA,NA,NA,NA,NA,0.072857143,NA,NA
5301-111,F5301,1.9,Autotomy,111,8/22/2018,High,Investment,15,2,0.153,Post,1,10/5/2018,30.9,F,0,44,17.7,0.14,0.080526316,0.073684211,9.315789474
5301-151,F5301,1.6,Autotomy,151,9/10/2018,Low,Recovery,34,4,0.151,Post,NA,NA,NA,NA,NA,NA,NA,NA,0.094375,NA,NA
5301-170,F5301,1.6,Autotomy,170,9/14/2018,Low,Recovery,38,4,0.145,Post,0,NA,NA,NA,NA,NA,NA,NA,0.090625,NA,NA
0005-103,F0005,2.4,Control,103,8/20/2018,Control,Investment,13,0,0.183,Pre,1,10/1/2018,31.7,M,1,42,17.9,0.153,0.07625,0.06375,7.458333333
0005-119,F0005,2.4,Control,119,8/24/2018,Control,Investment,17,2,0.179,Post,NA,NA,NA,NA,NA,NA,NA,NA,0.074583333,NA,NA
0005-126,F0005,2.4,Control,126,8/27/2018,Control,Investment,20,2,0.144,Post,0,NA,NA,NA,NA,NA,NA,NA,0.06,NA,NA
0005-142,F0005,2.4,Control,142,9/3/2018,Control,Investment,27,2,0.198,Post,0,NA,NA,NA,NA,NA,NA,NA,0.0825,NA,NA
0005-149,F0005,2.2,Control,149,9/7/2018,Control,Recovery,31,4,0.162,Post,0,NA,NA,NA,NA,NA,NA,NA,0.073636364,NA,NA
0005-163,F0005,2.2,Control,163,9/12/2018,Control,Recovery,36,4,0.147,Post,0,NA,NA,NA,NA,NA,NA,NA,0.066818182,NA,NA
0005-187,F0005,2.2,Control,187,9/21/2018,Control,Recovery,43,6,0.153,Post,1,10/31/2018,30.47,F,0,40,16.19,0.144,0.069545455,0.065454545,7.359090909
0005-211,F0005,1.91,Control,211,10/3/2018,Control,Recovery,55,8,0.17,Post,1,11/13/2018,32.91,M,1,41,19.39,0.153,0.089005236,0.080104712,10.15183246
0005-225,F0005,1.91,Control,225,10/10/2018,Control,Recovery,62,8,0.136,Post,0,NA,NA,NA,NA,NA,NA,NA,0.071204188,NA,NA
0005-82,F0005,2.4,Control,82,8/13/2018,,,6,0,0.199,Pre,1,9/21/2018,27.8,F,0,39,17.5,0.156,0.082916667,0.065,7.291666667
0010-131,F0010,2.1,Control,131,8/29/2018,Control,Investment,22,2,0.153,Post,NA,NA,NA,NA,NA,NA,NA,NA,0.072857143,NA,NA
0010-161,F0010,2,Control,161,9/12/2018,Control,Recovery,36,4,0.173,Post,0,NA,NA,NA,NA,NA,NA,NA,0.0865,NA,NA
0010-186,F0010,2,Control,186,9/21/2018,Control,Recovery,43,6,0.189,Post,1,10/28/2018,36.16,F,0,37,19.28,0.197,0.0945,0.0985,9.64
0010-63,F0010,2.1,Control,63,8/8/2018,,,1,0,0.179,Pre,1,9/17/2018,30.6,F,0,40,19.1,0.184,0.085238095,0.087619048,9.095238095
0050-110,F0050,1.9,Control,110,8/22/2018,Control,Investment,15,2,0.196,Post,1,10/1/2018,32,M,1,40,18,0.156,0.103157895,0.082105263,9.473684211
0050-141,F0050,1.9,Control,141,9/3/2018,Control,Investment,27,2,0.186,Post,NA,NA,NA,NA,NA,NA,NA,NA,0.097894737,NA,NA
0050-182,F0050,2,Control,182,9/17/2018,Control,Recovery,41,4,0.178,Post,1,10/28/2018,29.56,F,0,41,17.56,0.143,0.089,0.0715,8.78
0050-198,F0050,2,Control,198,9/28/2018,Control,Recovery,50,6,0.142,Post,1,11/7/2018,32.94,M,1,40,16.86,0.175,0.071,0.0875,8.43
0050-223,F0050,2,Control,223,10/10/2018,Control,Recovery,62,8,0.152,Post,1,11/24/2018,35.05,F,0,45,18.33,0.173,0.076,0.0865,9.165
0050-65,F0050,1.9,Control,65,8/10/2018,,,3,0,0.226,Pre,1,9/17/2018,30.7,M,1,38,16.3,0.144,0.118947368,0.075789474,8.578947368
0151/3-118,F0151/3,2.2,Control,118,8/24/2018,Control,Investment,17,2,0.188,Post,NA,NA,NA,NA,NA,NA,NA,NA,NA,NA,NA
0151/3-135,F0151/3,2.2,Control,135,8/29/2018,Control,Investment,22,2,0.157,Post,0,NA,NA,NA,NA,NA,NA,NA,NA,NA,NA
0151/3-165,F0151/3,2.2,Control,165,9/12/2018,Control,Recovery,36,4,0.189,Post,0,NA,NA,NA,NA,NA,NA,NA,NA,NA,NA
0151/3-174,F0151/3,2.2,Control,174,9/14/2018,Control,Recovery,38,4,0.193,Post,1,10/26/2018,34.12,F,0,42,19.55,0.198,NA,NA,8.886363636
0151/3-67,F0151/3,2.2,Control,67,8/10/2018,,,3,0,0.182,Pre,1,9/18/2018,28.5,M,1,39,16.3,0.152,NA,NA,7.409090909
1/3103-102,F1/3103,2.2,Control,102,8/20/2018,Control,Investment,13,0,0.189,Pre,1,9/28/2018,33.3,F,0,39,17.2,0.172,0.085909091,0.078181818,7.818181818
1/3103-113,F1/3103,2.2,Control,113,8/22/2018,Control,Investment,15,2,0.178,Post,1,10/5/2018,30.7,M,1,44,18.8,0.173,0.080909091,0.078636364,8.545454545
1/3103-127,F1/3103,2.2,Control,127,8/27/2018,Control,Investment,20,2,0.158,Post,NA,NA,NA,NA,NA,NA,NA,NA,0.071818182,NA,NA
1/3103-144,F1/3103,2.2,Control,144,9/3/2018,Control,Investment,27,2,0.185,Post,0,NA,NA,NA,NA,NA,NA,NA,0.084090909,NA,NA
1/3103-164,F1/3103,1.8,Control,164,9/12/2018,Control,Recovery,36,4,0.17,Post,0,NA,NA,NA,NA,NA,NA,NA,0.094444444,NA,NA
1/3103-195,F1/3103,1.8,Control,195,9/24/2018,Control,Recovery,46,6,0.165,Post,1,11/4/2018,29.71,M,1,41,18.47,0.166,0.091666667,0.092222222,10.26111111
1/3103-212,F1/3103,1.9,Control,212,10/3/2018,Control,Recovery,55,8,0.169,Post,1,11/2/2018,29.63,M,1,30,17.68,0.133,0.088947368,0.07,9.305263158
1/3103-220,F1/3103,1.9,Control,220,10/8/2018,Control,Recovery,60,8,0.142,Post,0,NA,NA,NA,NA,NA,NA,NA,0.074736842,NA,NA
1/3103-70,F1/3103,2.2,Control,70,8/10/2018,,,3,0,0.161,Pre,1,9/24/2018,30.4,F,0,45,18.5,0.146,0.073181818,0.066363636,8.409090909
11/21/23-95,F11/21/23,2.4,Control,95,8/20/2018,Control,Investment,13,0,0.159,Pre,1,10/2/2018,26.4,M,1,43,15.7,0.122,0.06625,0.050833333,6.541666667
11/21/23-177,F11/21/23,1.7,Control,177,9/17/2018,Control,Recovery,41,4,0.17,Post,0,NA,NA,NA,NA,NA,NA,NA,0.1,NA,NA
11/21/23-184,F11/21/23,1.7,Control,184,9/21/2018,Control,Recovery,43,6,0.145,Post,1,10/30/2018,30.12,M,1,39,17.15,0.143,0.085294118,0.084117647,10.08823529
11/21/23-204,F11/21/23,2.36,Control,204,10/3/2018,Control,Recovery,55,8,0.149,Post,0,NA,NA,NA,NA,NA,NA,NA,0.063135593,NA,NA
11/21/23-205,F11/21/23,2.36,Control,205,10/3/2018,Control,Recovery,55,8,0.171,Post,1,11/7/2018,30.58,F,0,35,17.51,0.156,0.072457627,0.066101695,7.419491525
11/21/23-222,F11/21/23,2.36,Control,222,10/10/2018,Control,Recovery,62,8,0.147,Post,1,11/24/2018,30.58,M,1,45,17.77,0.162,0.062288136,0.068644068,7.529661017
11/21/23-68,F11/21/23,2.4,Control,68,8/10/2018,,,3,0,0.171,Pre,NA,NA,NA,NA,NA,NA,NA,NA,0.07125,NA,NA
11/21/23-77,F11/21/23,2.4,Control,77,8/13/2018,,,6,0,0.152,Pre,NA,NA,NA,NA,NA,NA,NA,NA,0.063333333,NA,NA
1100-105,F1100,2,Control,105,8/22/2018,Control,Investment,15,2,0.172,Post,1,10/3/2018,30.3,F,0,42,17.5,0.166,0.086,0.083,8.75
1100-136,F1100,2,Control,136,8/31/2018,Control,Investment,24,2,0.175,Post,NA,NA,NA,NA,NA,NA,NA,NA,0.0875,NA,NA
1100-153,F1100,2,Control,153,9/10/2018,Control,Recovery,34,4,0.166,Post,0,NA,NA,NA,NA,NA,NA,NA,0.083,NA,NA
1100-175,F1100,2,Control,175,9/17/2018,Control,Recovery,41,4,0.157,Post,1,10/31/2018,32.2,F,0,44,16.47,0.16,0.0785,0.08,8.235
1100-202,F1100,2.12,Control,202,10/3/2018,Control,Recovery,55,8,0.166,Post,0,NA,NA,NA,NA,NA,NA,NA,0.078301887,NA,NA
1100-216,F1100,2.12,Control,216,10/8/2018,Control,Recovery,60,8,0.133,Post,0,NA,NA,NA,NA,NA,NA,NA,0.062735849,NA,NA
1100-74,F1100,2,Control,74,8/13/2018,,,6,0,0.183,Pre,1,9/26/2018,31.4,F,0,44,17.9,0.14,0.0915,0.07,8.95
1251/3-92,F1251/3,2.3,Control,92,8/20/2018,Control,Investment,13,0,0.179,Pre,1,9/27/2018,30.7,F,0,38,17.3,0.147,0.077826087,0.063913043,7.52173913
1251/3-120,F1251/3,2.3,Control,120,8/27/2018,Control,Investment,20,2,0.145,Post,NA,NA,NA,NA,NA,NA,NA,NA,0.063043478,NA,NA
1251/3-140,F1251/3,2.3,Control,140,9/3/2018,Control,Investment,27,2,0.157,Post,0,NA,NA,NA,NA,NA,NA,NA,0.06826087,NA,NA
1251/3-157,F1251/3,2.2,Control,157,9/12/2018,Control,Recovery,36,4,0.172,Post,0,NA,NA,NA,NA,NA,NA,NA,0.078181818,NA,NA
1251/3-183,F1251/3,2.2,Control,183,9/21/2018,Control,Recovery,43,6,0.196,Post,1,10/28/2018,29.95,M,1,37,17.86,0.169,0.089090909,0.076818182,8.118181818
1251/3-201,F1251/3,1.98,Control,201,10/3/2018,Control,Recovery,55,8,0.168,Post,1,11/13/2018,31.47,F,0,41,19.49,0.162,0.084848485,0.081818182,9.843434343
1251/3-221,F1251/3,1.98,Control,221,10/10/2018,Control,Recovery,62,8,0.111,Post,1,11/24/2018,30.08,F,0,45,17.3,0.131,0.056060606,0.066161616,8.737373737
1251/3-61,F1251/3,2.3,Control,61,8/8/2018,,,1,0,0.156,Pre,1,9/17/2018,29.3,F,0,40,17.4,0.163,0.067826087,0.070869565,7.565217391
1500-89,F1500,2,Control,89,8/17/2018,Control,Investment,10,0,0.158,Pre,1,9/23/2018,27.2,F,0,37,15.6,0.134,0.079,0.067,7.8
1500-106,F1500,2,Control,106,8/22/2018,Control,Investment,15,2,0.131,Post,1,8/22/2018,29.7,M,1,NA,17.6,0.137,0.0655,0.0685,8.8
1500-132,F1500,2,Control,132,8/29/2018,Control,Investment,22,2,0.124,Post,NA,NA,NA,NA,NA,NA,NA,NA,0.062,NA,NA
2/5130-90,F2/5130,2.5,Control,90,8/17/2018,Control,Investment,10,0,0.141,Pre,0,NA,NA,NA,NA,NA,NA,NA,0.0564,NA,NA
2/5130-145,F2/5130,2.5,Control,145,9/3/2018,Control,Investment,27,2,0.144,Post,NA,NA,NA,NA,NA,NA,NA,NA,0.0576,NA,NA
2/5130-173,F2/5130,2.2,Control,173,9/14/2018,Control,Recovery,38,4,0.102,Post,0,NA,NA,NA,NA,NA,NA,NA,0.046363636,NA,NA
2/5130-229,F2/5130,2,Control,229,10/14/2018,Control,Recovery,66,8,0.117,Post,0,NA,NA,NA,NA,NA,NA,NA,0.0585,NA,NA
2/5130-81,F2/5130,2.5,Control,81,8/13/2018,,,6,0,0.141,Pre,NA,NA,NA,NA,NA,NA,NA,NA,0.0564,NA,NA
2005-171,F2005,2.1,Control,171,9/14/2018,Control,Recovery,38,4,0.155,Post,NA,NA,NA,NA,NA,NA,NA,NA,0.073809524,NA,NA
2005-219,F2005,2.3,Control,219,10/8/2018,Control,Recovery,60,8,0.113,Post,0,NA,NA,NA,NA,NA,NA,NA,0.049130435,NA,NA
2332/3-88,F2332/3,2.1,Control,88,8/17/2018,Control,Investment,10,0,0.149,Pre,1,9/29/2018,25.9,F,0,43,16.6,0.118,0.070952381,0.056190476,7.904761905
2332/3-107,F2332/3,2.1,Control,107,8/22/2018,Control,Investment,15,2,0.167,Post,1,10/5/2018,29.6,F,0,44,18.2,0.147,0.07952381,0.07,8.666666667
2332/3-123,F2332/3,2.1,Control,123,8/27/2018,Control,Investment,20,2,0.136,Post,NA,NA,NA,NA,NA,NA,NA,NA,0.064761905,NA,NA
2332/3-69,F2332/3,2.1,Control,69,8/10/2018,,,3,0,0.155,Pre,NA,NA,NA,NA,NA,NA,NA,NA,0.073809524,NA,NA
3130-159,F3130,1.8,Control,159,9/12/2018,Control,Recovery,36,4,n/a,Post,0,NA,NA,NA,NA,NA,NA,NA,NA,NA,NA
3130-185,F3130,1.8,Control,185,9/21/2018,Control,Recovery,43,6,0.166,Post,NA,NA,NA,NA,NA,NA,NA,NA,0.092222222,NA,NA
3130-193,F3130,1.8,Control,193,9/24/2018,Control,Recovery,46,6,0.157,Post,1,11/3/2018,31.26,F,0,40,16.57,0.157,0.087222222,0.087222222,9.205555556
3130-207,F3130,2.16,Control,207,10/3/2018,Control,Recovery,55,8,0.163,Post,1,11/11/2018,30.44,M,1,39,16.74,0.145,0.075462963,0.06712963,7.75
3130-208,F3130,2.16,Control,208,10/3/2018,Control,Recovery,55,8,0.202,Post,1,11/6/2018,31.14,M,1,34,18.95,0.155,0.093518519,0.071759259,8.773148148
3130-218,F3130,2.16,Control,218,10/8/2018,Control,Recovery,60,8,0.137,Post,0,NA,NA,NA,NA,NA,NA,NA,0.063425926,NA,NA
3130-227,F3130,2.16,Control,227,10/12/2018,Control,Recovery,64,8,0.145,Post,1,11/25/2018,29.34,F,0,44,16.65,0.153,0.06712963,0.070833333,7.708333333
